<?xml version="1.0" encoding="UTF-8" standalone="yes"?>
<ApplicationConfiguration description="" version="1.0.0" namespace="xlrat" application-name="xlrateAdaptrs">
    <configuration id="com.emc.xcp.artifact.appparameter" namespace="xlrat" name="url_template" type="STRING">
        <property name="value">http://test/url?user=${user}&amp;ticket=${ticket}</property>
    </configuration>
    <configuration id="com.emc.xcp.artifact.endpoint" namespace="xlrat" name="repository" type="RepositoryEndpoint">
        <property name="description"></property>
        <property name="docbrokerHostName">xcp20betacs</property>
        <property name="docbrokerPort">1489</property>
        <property name="repositoryName">xcp</property>
        <property name="username">emcadmin</property>
        <property name="password">DM_ENCR_TEXT_V2=AAAAEPIkPC/CXrMy61laS1vBRsED+kn3+hMfLZL4UozNvMvHWRuHINDfXv8ULhXNEZUrRBVqd5Tt1GrWnS/RApVCALE=</property>
        <property name="domain"></property>
    </configuration>
</ApplicationConfiguration>
